date,latitude,longitude,target,temperature_C,dewpoint_C,precip_mm,snowfall_mm,snow_depth_mm,pressure_hPa,wind_speed,relative_humidity,month
1950-01-02,27.792081,79.952479,0,15.92106908162441,4.006482060750329,0.000838029468042123,0.0,0.0,991.7221207682292,0.5472247335237374,45.03362038714689,1
1950-04-20,31.226611,89.465408,0,-1.3106477101643463,-24.06262626647947,0.0004410743663640915,0.0,0.6949106852213541,549.9644368489585,4.9121027830951665,15.862934386471087,4
1950-04-23,30.903921,80.156283,0,-12.5160087585449,-17.33330637613929,0.06908178329467773,0.06550177931785583,155.1283597946167,577.1922835286458,1.2956890725261856,67.26048056298725,4
1950-11-26,31.984128,81.621788,0,-23.983685557047494,-29.736509068806924,0.005739927189551963,0.004857778549194336,21.3245153427124,550.6554524739585,1.988439901520389,59.01415851754691,11
1950-12-16,32.680629,74.968992,0,12.64287147521975,5.611774063110374,2.982884645462,0.0,0.0,951.7135026041668,1.2134228878144804,62.26713369383964,12
1951-01-04,32.454693,84.376678,0,-22.71062571207679,-26.041299565633125,0.06362199782827815,0.05793571472167969,10.9781821568806,554.31345703125,0.9119496524501247,74.19990554854563,1
1951-01-17,28.591216,84.208337,0,-9.392326100667276,-12.046560033162393,14.0323340892791,13.9328390359878,1331.658124923706,620.7300113932291,0.24267375434559726,81.00483008532571,1
1951-03-18,31.797879,80.189874,0,-15.982127253214514,-19.38137219746909,0.2573311327864758,0.2526380121707916,171.5298891067505,565.9419222005208,0.7304126880279256,75.0717374632321,3
1951-11-03,27.896575,86.486777,0,-10.332329177856423,-13.861703618367471,0.28654860432197893,0.09970739483833312,24.171511332194,530.09177734375,0.7078374972893314,75.31591643116589,11
1951-11-06,30.962111,82.349671,0,-13.821928405761696,-19.71145922342933,0.008150935173034668,0.00729784369468689,3.9431651433307997,523.8985237630209,2.0959841419620924,61.08969416367553,11
1952-03-15,32.980929,75.951903,0,-4.918493652343727,-6.818863296508766,52.1776969996494,51.6568683087825,614.9857044219971,703.5118766276042,0.8626416063464912,86.52648110353086,3
1952-04-26,32.25203,86.000758,0,-1.8567515055338504,-8.32748133341471,1.3084144238177,0.9268857538700104,2.2877852121988,560.64130859375,1.945271891240824,61.28470720808542,4
1953-02-22,33.671049,74.282728,0,4.41352233886721,0.5455216725667356,4.9588856259674,4.4600144028663005,69.273829460144,820.7049137369792,0.9874303863786933,75.9660791900642,2
1953-04-08,27.423679,88.366701,0,6.853248214721702,5.247746404012048,18.5102105140231,6.3115507364273,283.3010752995809,721.7558610026042,0.19866523159569383,89.50793563847463,4
1953-04-09,26.403496,86.490202,0,27.71626434326174,18.895523325602255,0.44673979272147335,0.0,0.0,997.2769026692708,2.927070600672446,58.69773105489201,4
1954-01-26,26.56202,74.017469,0,15.666443125406943,-5.940722529093421,0.00044107436991680526,0.0,0.0,974.9337255859376,2.697619409902489,22.11479264624794,1
1954-02-09,29.254017,82.54832,0,-20.01958058675129,-25.525185648600257,0.007492876989090291,0.004772096872329712,267.9059108098348,573.535193684896,1.3209632246931342,61.49839223679193,2
1954-02-25,33.10374,74.961704,0,5.2629416147868255,-3.9103836059570085,0.08862614631155452,0.042147934436798096,88.6396169662475,831.0654850260418,0.7101358051051722,51.59283812523917,2
1954-02-28,30.767353,79.493052,0,-13.083095296223917,-26.102077865600563,0.06704330371576361,0.02856180071830749,3104.9543221791587,597.6761083984375,0.8016790611526081,32.69665090932237,2
1954-04-19,34.399828,72.124014,0,21.921057001749716,11.663174565633142,1.8540620803833,0.0,0.0,941.5766829427084,1.1843324415198846,52.147145229357726,4
1954-11-17,34.294686,73.611734,0,7.8615299224853175,-11.389668528238929,0.0,0.0,0.0058015187581380205,815.0916080729168,0.829350267867244,24.199852556710965,11
1954-11-17,34.397451,73.860665,0,3.2609439849853175,-14.467549387613929,0.0,0.0,0.2478758494059245,754.5057747395833,0.5794291162970939,25.95183304266051,11
1955-01-02,28.509066,84.961227,0,-19.378125890095987,-22.933014933268225,2.3619938756382,2.3562721908092,6693.807919820149,578.580517578125,0.5449431416490942,73.39463162498167,1
1955-02-15,28.309242,83.962494,0,-0.9960114796955963,-4.572306696573889,3.2516485821361,0.04158914089202881,28.5168886184692,747.2446028645833,0.7505778858573458,76.68918769365837,2
1955-04-10,29.963812,75.854295,0,29.381424204508505,-4.463573201497354,0.001288106830088509,0.0,0.0,978.1974251302084,1.2037474350492683,10.745792696674897,4
1955-04-11,30.795609,81.87738,0,-14.596296691894509,-17.696559651692695,0.2106483903503431,0.2047307789325714,46.8550523122151,541.4909928385416,0.5588506550983716,77.26128581835448,4
1955-04-15,28.611144,74.522325,0,23.080826059977255,-6.10470174153636,0.0008523463748133508,0.0,0.0,980.8960237630208,0.6935661318881381,13.769142232576812,4
1955-11-04,31.311008,72.133886,0,22.85282923380538,8.171067810058616,0.000852346317969932,0.0,0.0,993.2988525390624,1.2183331733241949,39.002599166124625,11
1956-01-21,26.492645,88.187519,0,15.709633127848349,5.32988001505538,0.0004351138045421976,0.0,0.0,993.8681461588542,0.9428873681488804,50.064638681564766,1
1956-03-19,32.394691,77.200958,0,-11.539317830403604,-20.677872721354134,4.0519336826037,4.0479227900504995,834.2596689860026,601.281193033854,0.598198697852198,46.745549450139926,3
1956-04-27,26.14958,88.124026,0,26.137185668945335,22.84759928385421,13.9806621696152,0.0,0.0,999.7272965494792,2.776191265493788,82.12853672570598,4
1957-02-21,31.528548,78.142533,0,-14.554225031534827,-22.767244084676094,0.2869099377562634,0.2848096191883087,518.6155637105306,648.1108707682291,0.655273048982476,49.70720692588732,2
1957-11-15,29.650036,83.911137,0,-4.376412455240882,-24.239881261189765,0.000859945021858266,0.0,0.0001986821492513021,573.83193359375,0.9443068038785636,19.60467662929521,11
1958-01-12,28.513385,81.162352,0,15.057192738850915,10.896843210856161,0.0004351138045421976,0.0,0.0,978.8341259765624,0.6911881740849655,76.19216269820672,1
1959-01-14,34.397451,73.860665,0,-11.000207646687784,-23.006864929199168,0.0,0.0,264.0669743220011,753.1200048828125,1.150003512627726,36.5187090869708,1
1959-02-28,30.954566,79.755005,0,-18.995236460367806,-31.21038602193198,0.009766612492967395,0.007368624210357666,237.2734546661377,528.9005110677084,1.1139945568468879,33.203522484643386,2
1959-11-15,28.215008,85.526744,0,-5.809114201863565,-13.042276128133096,0.03325939178466797,0.028926879167556763,1.8535455067952,566.5852229817708,0.2447976655068968,56.67376829283527,11
1960-03-10,32.871927,88.449633,0,-7.181462987263956,-27.234414800008125,0.11345330943868248,0.10863691568374634,0.8835792541503906,550.6077067057291,2.8829097294969857,18.496190007317306,3
1961-02-08,26.777279,76.503824,0,9.61642990112307,0.7621678670247434,0.0021517271306947805,0.0,0.0,979.675888671875,1.7155747493520428,54.02455899590145,2
1961-02-21,31.31939,78.42206,0,-19.73951886494953,-29.429696146647103,0.09294152255279188,0.0890679657459259,312.3258352279663,572.8819254557292,0.8550737297729323,41.886133067548556,2
1961-12-09,26.139225,86.858228,0,16.922557449340843,9.031856791178427,0.0008760113701100636,0.0,0.0,1010.3427799479168,1.5228986449662132,59.70185653269298,12
1962-01-02,32.372698,75.213307,0,8.41424140930178,1.0137719472249387,0.0004351138045421976,0.0,0.0,969.4600113932293,0.900609126998029,59.656858889195206,1
1962-02-11,34.301689,84.011271,0,-12.05843836466471,-23.705921554565407,0.2058145935848188,0.2037286758422852,3.8087368011473997,546.926484375,6.882850321607659,37.35075639263697,2
1962-04-15,28.217826,85.517401,0,-6.957023366292276,-10.924189631144202,0.6564891169205112,0.6471537053585052,265.0613784790039,566.7454150390626,0.05459440183770803,73.33651723365307,4
1962-11-08,33.144126,79.613647,0,-8.893945439656534,-30.491539382934548,0.0008593730171924108,0.0,0.2980629603068034,554.5520231119792,0.3747346323709311,15.583634786649746,11
1963-12-09,29.09254,74.865398,0,17.89005559285482,0.7977055867513059,0.00171051942743361,0.0,0.0,991.3749267578123,1.9727901251783035,31.639711213030225,12
1964-11-13,32.974846,72.019122,0,17.965270614624046,2.7392885843913177,0.000852346317969932,0.0,0.0,969.0144694010415,1.0371745798287788,36.17827940673622,11
1964-12-10,31.381232,77.527388,0,3.3665761311848996,-2.551761372884073,13.8987018632974,8.4937252104282,18.5092687606811,807.5437060546875,1.0589974280652394,65.19291424604245,12
1965-01-05,34.409163,74.098664,0,-8.07967923482255,-15.550005976359046,0.0011311545335956907,0.0007003545761108398,176.8175760904947,769.2287353515625,1.0207046069604089,54.95404061049557,1
1965-03-05,31.873789,78.815829,0,-22.94595883687333,-27.665665054321266,0.0008553266184208042,0.0,103.6597490310669,567.6956868489584,0.5831059886110282,65.27894943405398,3
1966-01-13,33.234318,86.890323,0,-18.88210525512693,-29.341457748413063,0.11744306982564012,0.11572986841201782,4.479010899861599,551.374943033854,1.3695606447962088,39.24637557345839,1
1966-01-16,31.235251,87.670625,0,-20.224062347412087,-25.659612401326484,0.0005692242552868265,0.00014156103134155273,8.629798889160101,547.6584440104166,1.7838765559502017,61.834379120747144,1
1966-03-07,27.704672,88.407818,0,-5.253960037231479,-5.6849807739257585,19.1588044166515,18.7442824244499,9999.0,595.7639436848959,0.9227376172572895,96.7816290359821,3
1966-11-19,33.395843,79.175117,0,-10.245375061035134,-24.89920845031733,0.03796815872192383,0.03711506724357605,0.5754232406616211,558.3260384114584,1.0575201945200499,29.051940912259216,11
1967-11-15,28.237891,85.536642,0,-10.746876780192054,-18.94946454366047,0.5855557860741101,0.5792789161205292,4.5071442921955995,564.3186783854167,0.2532091622049409,50.91610677138906,11
1968-01-27,26.283365,79.336693,0,15.360879516601642,8.676565424601279,0.0470013054609808,0.0,0.0,995.5277473958331,3.1659258600501543,64.39024653612037,1
1968-04-02,27.234667,87.5219,0,10.563802337646507,0.14034614562990555,0.4793769540469839,0.00011175870895385744,0.0003178914388020833,806.358271484375,0.6039545249518368,48.48125072798307,4
1969-01-01,28.655451,77.069739,0,14.642165120442712,5.4693256378174055,0.0012910605846627732,0.0,0.0,987.6029508463542,2.072784506143901,54.13996434543669,1
1969-01-22,32.788392,78.774031,0,-22.50127512613929,-30.20282847086591,0.004073011382388359,0.0019334256649017334,17.9047187169392,542.0855354817709,1.3912196500793939,49.51798855840088,1
1969-01-26,28.924824,78.344402,0,18.56307436625167,9.775818761189782,0.0,0.0,0.0,980.7778597005208,3.602561454378823,56.60164917216907,1
1969-03-15,30.297817,88.456902,0,-2.1015749613443973,-28.047529602050787,0.000852346317969932,0.0,0.01136461893717448,547.3011539713541,1.63323457297384,11.699870801365089,3
1969-11-15,26.690741,88.781466,0,19.68328755696615,16.429222361246843,1.3183653354643998,0.0,0.0,978.739990234375,0.825900280881486,81.50718585328642,11
1969-12-18,30.960642,88.692558,0,-9.242548370361305,-29.98497301737467,0.0021422993086162023,0.0,0.04533926645914713,554.4732666015625,2.1666229512333457,16.80063462025314,12
1970-03-11,29.070897,83.325634,0,-14.304387791951456,-18.903171920776344,0.7239043712274906,0.7189363241195679,65.4322703679402,557.4990804036458,0.6767638535341923,68.09677794887112,3
1971-11-22,27.527391,82.00075,0,20.798475519816122,14.611115392049157,0.0030132114261505194,0.0,0.0,1002.9308968098958,0.5713130413472509,67.71313400961985,11
1971-12-26,26.517992,75.24052,0,15.525542831420921,4.385644531250023,0.0008642671787129075,0.0,0.0,974.2393180338543,0.8899225153974085,47.431363279717374,12
1972-02-15,28.591301,84.14375,0,-13.428330485026038,-16.507796986897745,7.6469992911256,7.6406262814998005,259.0179840723673,606.5150406901041,0.2743697232621595,77.59979663559575,2
1972-04-12,29.143692,85.095315,0,-5.594063822428382,-12.878324890136696,0.8825898170421453,0.7803142070770264,1.9743839899698,572.2235091145834,1.2192780548402562,56.49910023129673,4
1973-01-17,31.210414,87.115275,0,-11.415686035156284,-23.51295636494953,0.15161633484694903,0.1429840922355652,4.2205254236857,552.3148128255209,2.567386793528378,36.09151402875019,1
1973-04-23,29.712323,74.238678,0,32.084111785888695,7.719967142740927,0.0,0.0,0.0,980.8569140625,0.8081549069079796,22.030021608170536,4
1973-11-25,31.64767,88.513857,0,-11.680152002970374,-17.464605077107734,0.10184049597228297,0.10009482502937316,12.614289919535299,581.4302783203125,2.2969198272704427,62.20238911180519,11
1973-12-26,28.865306,75.098218,0,10.161323165893577,1.8332382202148665,0.0012801461366507283,0.0,0.0,994.3505094401042,1.4275046385272265,56.24985551612176,12
1974-03-06,26.729062,78.801255,0,24.42707532246908,8.276905949910486,0.0008642672355563263,0.0,0.0,992.5281136067708,1.0740042310495919,35.729932481583035,3
1975-01-12,32.052734,78.709278,0,-30.95983225504554,-34.48549372355143,0.05100965489646114,0.04971399903297424,49.9096711476643,524.9887434895834,0.7506080211568565,71.07385912619303,1
1975-01-14,33.225966,76.654699,0,-24.10773569742838,-27.723356628417946,5.473497509854,5.4692290723323,9999.0,537.7438883463541,0.7240071511706374,71.99664208597139,1
1975-01-17,28.5139,84.547015,0,-16.7890800476074,-22.572552108764654,1.0577887278486,1.055646687746,6619.9045578638725,557.7609635416666,0.3174673843402539,60.8558807145038,1
1975-02-18,33.567255,74.417193,0,-6.247215016682901,-17.23623631795246,0.02501904964447021,2.2351741790771484e-05,363.4642362594604,694.582470703125,0.7669783371130107,41.46286124892084,2
1975-03-11,28.840926,83.059938,0,-10.384539667765296,-11.650624974568643,7.7681367311583,7.7552236616611,171.6365019480387,599.9168798828125,0.6607872155641487,90.41657282644968,3
1975-11-15,28.194314,85.307218,0,3.0287242889404524,0.3281042734782318,1.3843784945493,0.07326528429985046,0.05880991617838541,665.0338899739583,0.05439463164473685,82.43379347146794,11
1976-11-21,30.84001,77.412028,0,9.746354675292991,-1.7020858764647642,0.0017127939031524877,0.0,0.0,790.824814453125,0.18546643136335345,44.76031874764283,11
1977-02-06,27.417884,79.061538,0,13.789669291178427,2.2483815511067746,0.001284479992591514,0.0,0.0,997.4019563802084,3.219394796517196,45.622743416129474,2
1977-03-11,26.373398,79.784879,0,24.92677714029952,8.320292409261071,0.002136116961537482,0.0,0.0,994.5971142578123,2.3167711355346166,34.780799877587874,3
1977-11-12,28.688915,88.356839,0,-9.578836822509743,-17.879900360107428,1.4142900704427999,1.3493932783603,2.7971267700195,528.1085546875,1.4592541237315366,50.84195958675542,11
1978-01-15,27.982304,85.272362,0,6.8118822733561615,0.8903143564860443,0.040841483667009015,0.03256276249885559,0.3801981608072917,796.2316910807292,0.30576620742570854,65.95526962292668,1
1978-02-17,27.64065,75.782287,0,11.434707260131859,7.650297419230185,3.9960294961929,0.0,0.0,957.38400390625,2.9376945858075687,77.56059632425334,2
1978-02-18,33.793152,74.346548,0,-6.837887827555335,-8.935886128743448,4.2293488978657,4.1157379746437,306.5888881683349,712.7802913411458,0.08500539055850267,84.99951526874057,2
1978-02-23,29.834796,81.610513,0,-14.470551554361975,-30.56328112284342,0.0017134701693066743,0.0,323.7842321395874,634.15263671875,1.5632049039194813,24.185730004930704,2
1978-02-25,33.430363,75.214877,0,-3.347783152262366,-12.952180608113565,0.0004261732087229575,0.0,364.4486665725708,769.3285725911458,1.7561005278951285,47.42674455694714,2
1978-03-15,32.759515,76.19334,1,2.9298536936442474,-1.5951204935709598,4.5389682054519005,0.7790215313434601,602.5492747624716,776.2038753255208,0.7859039265628036,72.15311878406861,3
1978-04-27,29.105506,74.725529,0,31.53636957804366,8.99361063639327,0.000852346317969932,0.0,0.0,981.0496370442708,1.165570597045282,24.77390086291007,4
1978-12-07,27.463801,73.976389,0,16.145131047566736,3.9486525217692474,0.0021383139028330334,0.0,0.0,982.8836100260415,1.614339136404563,44.214365549987264,12
1979-01-08,29.445812,79.053563,0,13.552216466267907,8.030840174357138,0.0008593796856359859,0.0,0.0,944.538271484375,0.9724525038994684,69.27227478873826,1
1979-03-15,31.841332,77.485476,1,-10.046910349527991,-17.089788182576456,0.015154480934143066,0.014021992683410645,482.6082388559977,638.6247200520834,1.182968453890509,56.379672135461725,3
1979-04-09,31.506025,82.34933,0,-3.2986555735270144,-23.042466862996378,0.0012841485954595555,0.0,0.4143714904785156,568.1029947916666,2.1691420293042465,20.118505248076467,4
1980-02-03,28.349839,84.639285,0,-10.823308690388956,-16.303923670450843,0.6508231163024902,0.6299503147602081,3449.624578158061,584.0030354817709,0.4356424695770552,64.02578882127041,2
1980-03-27,29.906684,73.304818,0,23.460691070556663,6.546252187093103,0.0,0.0,0.0,996.1492106119792,1.892086455843426,33.64536369632546,3
1981-02-21,26.09869,75.344024,0,20.711347834269247,1.8012189229329465,0.0030083210731390864,0.0,0.0,975.53828125,1.3001304772402238,28.525839256429,2
1981-12-23,32.524928,85.11269,0,-15.266516749064124,-32.71098810831705,0.0,0.0,1.6481479008992002,544.3585904947918,3.017111711357238,21.018305887684203,12
1982-11-06,34.260206,74.549911,0,8.74482434590658,-2.0106319427490007,0.002416968243323936,0.001430511474609375,0.18986066182454428,810.66708984375,0.7501660620455259,46.805706573778174,11
1982-12-23,29.735454,74.360131,0,14.03001492818197,3.376292800903343,5.959918780717999e-06,0.0,0.0,992.2728938802085,2.0372929250412932,48.65465360135586,12
1983-02-25,29.764828,72.488087,0,15.54666417439779,7.180502827962243,0.002573670883521117,0.0,0.0,1000.3927766927085,2.5284004362373373,57.47240711857027,2
1983-03-08,28.099447,79.371634,0,21.83942565917971,9.632081604003929,0.07797596038017218,0.0,0.0,995.3287906901043,3.513824154734793,45.78065514689932,3
1983-03-28,34.480158,74.124273,0,1.1152416229248274,-7.305406316121378,0.008454917406197637,0.005889683961868286,844.6542024612427,805.252265625,0.7721447978631037,53.4349692373565,3
1983-12-05,31.484879,73.257596,0,15.626985168457054,6.2057147979736555,0.0,0.0,0.0,1000.1333089192708,1.9292164133333507,53.474700253813026,12
1984-01-09,28.440541,84.480002,0,-12.280795160929358,-22.61079889933265,1.5770971774031,1.5748366713522999,2857.620120048523,598.914990234375,1.0962027163256618,41.89851633998643,1
1984-02-21,31.528548,78.142533,1,-12.429327392578102,-14.690864944457985,2.2384375373576,2.229731529951,284.3430042266845,644.6038069661458,0.4266119399127614,83.19660824428139,2
1984-02-22,34.03179,74.359307,0,-7.754339599609352,-13.993183517456032,0.17110589124058606,0.16890093684196472,385.7962687810262,768.4295361328125,0.8643531501329685,60.902450484399175,2
1984-03-27,31.343589,82.79905,0,-4.677332941691077,-22.639663441975898,0.3596037626039106,0.347483903169632,0.3331104914347331,565.9413232421875,1.6929462155975485,23.117040540171104,3
1984-03-28,34.095994,74.035038,0,7.714627838134845,-2.3013347625731626,0.24523210305460452,0.0,260.6527010599772,786.6903352864583,0.40422355664342174,49.12853286842815,3
1985-04-04,27.214705,88.627541,0,12.009125645955407,6.811266835530603,1.3108104466255,0.0,0.0,775.8439078776042,0.32878021688224524,70.51092905800309,4
1985-04-20,32.402073,80.665571,0,-1.8957402547199536,-16.542859776814737,0.003232469907743507,0.0003948807716369629,0.05940596262613932,562.87625,1.8394447254387951,31.703790134943553,4
1986-01-02,28.22517,85.318047,0,-1.3500535329182526,-8.47841873168943,0.006679548732790863,0.005830079317092896,53.1884431838989,703.4550748697917,0.823746974549568,58.35538094894276,1
1986-01-04,31.019595,85.871182,0,-10.657423400878884,-31.021662775675452,0.0,0.0,0.907301902770996,557.3961279296875,3.892591156502069,17.024634617437087,1
1986-03-16,33.883107,81.377979,0,-14.69366620381669,-29.480872217814095,0.02561807627898816,0.023767352104187008,2.3254950841267,540.2019954427084,3.496664155247912,27.282757551778335,3
1986-03-29,32.429556,76.677841,0,-7.141041183471657,-9.350127283732093,25.238665938275,24.713829159736598,908.7029695510864,629.1684700520833,0.6669223435869389,84.22706545501003,3
1987-03-15,28.796038,83.815885,0,-9.06035207112626,-20.57134602864582,0.006642937478318345,0.004827976226806641,137.98069953918449,570.6041064453125,0.6054595930555767,38.77991026182826,3
1987-04-16,32.005275,79.693846,0,-11.947809600830055,-24.210770034789988,0.0038681992009514943,0.0,16.2129799524943,554.9631412760416,0.8394014316812293,35.389629302825014,4
1988-02-09,27.080614,78.798205,0,20.38055826822921,8.119428888956747,0.0004410743663640915,0.0,0.0,994.5778076171877,0.9081328580377839,45.21010541011329,2
1989-03-10,27.343619,83.520803,0,23.516521708170615,8.81137619018557,0.0,0.0,0.0,995.2807486979168,1.240789341153086,39.129174768640915,3
1989-03-12,31.655044,77.486715,0,-3.8773279825846316,-10.172178649902321,0.5709027949478696,0.4704184830188751,329.4794956843058,685.0491438802082,0.6936075775657702,61.621423510814154,3
1989-11-18,27.414211,78.272862,0,21.294183985392294,9.835791524251306,0.0,0.0,0.0,994.9304964192708,1.2329847895051693,47.98441008837002,11
1990-02-04,30.922613,79.04385,0,-17.40307464599607,-22.29763259887693,0.30660927285453,0.30013173818588257,8425.159851710001,543.6835823567709,0.6720755157894347,65.64267556127352,2
1991-12-13,28.353162,75.051689,0,19.624222691853845,10.105870183308923,0.0004529952661869175,0.0,0.0,987.6484993489585,0.8238441061221611,54.161893849643036,12
1992-01-10,31.730973,81.25341,0,-17.381203715006478,-30.746703847249336,0.23299455642700195,0.22931769490242004,3.0677318572998,533.7591259765625,4.315955591096892,30.267426582744122,1
1992-01-18,32.608729,82.730093,0,-14.113815053303995,-27.453200403849223,0.0012814997489840607,0.0,4.0603478749593,574.7196956380209,0.9901776266779069,31.418371280285395,1
1992-03-29,32.729617,76.674216,1,-9.797519429524698,-13.728983306884743,1.0316669940948,0.9796880185604095,734.1533501942953,617.1562939453125,0.545301507377522,72.98851731422295,3
1992-12-22,29.443821,80.375516,0,10.879930114746116,4.923470433553064,0.001704692635939864,0.0,0.0,855.4878971354167,0.08532661273090524,66.68178220640876,12
1993-04-15,29.602508,82.949506,0,-14.01279741923014,-16.509919865926065,0.03012090638776499,0.025387853384017944,195.5113410949707,540.1476139322917,1.000028975901317,81.36915292246331,4
1993-11-04,29.665958,82.001997,0,5.328841781616234,0.9937352498372434,2.9400229453813003,0.63304603099823,0.3989934921264648,690.2895524088542,0.37882822293253393,73.61072272516381,11
1994-02-12,31.315824,72.705159,0,15.04863065083822,5.403249994913779,0.08900165539671434,0.0,0.0,992.9634244791669,2.22605622727247,52.499718267226456,2
1994-03-11,30.098666,80.800212,0,-8.033483886718727,-13.109471384684241,0.8024424313362033,0.7327049970626831,264.7445599238078,640.8266552734375,0.8092953284590335,66.87175987240408,3
1995-11-12,27.912404,86.683499,1,-12.481366856892862,-19.28882446289063,0.006696581806409085,0.0012740492820739746,5102.988044420878,552.190693359375,1.119723256224032,56.82147153175458,11
1995-11-24,33.776031,74.645932,0,2.559194183349632,-5.067399088541663,0.000852346317969932,0.0,0.6157954533894857,782.87103515625,0.7114455214360315,57.18013379083894,11
1996-01-16,26.310097,83.230559,0,15.644997533162439,14.142951583862327,12.3038773758139,0.0,0.0,1005.410927734375,1.6621945103781839,90.78181643907868,1
1996-02-03,32.222206,85.094766,0,-14.011494700113929,-32.766928100585886,0.003010033651662525,0.0,2.1082957585652,566.1826041666666,0.7324431670023945,18.857703650849704,2
1996-03-19,32.578084,77.033034,1,-12.433021291096964,-14.531590525309241,9.1679394245147,9.151455014944,892.096201578776,606.4052294921875,0.0772947122126253,84.31665449750082,3
1997-01-15,28.237596,85.498829,0,-9.091771189371741,-14.13435020446775,0.6921956659766693,0.6863102316856384,2.1388133366902,633.8703564453125,0.14118627586129098,66.8077449506452,1
1997-02-11,27.120901,85.551419,0,15.772634124755882,8.070586140950525,0.004436809831531718,0.0,0.0,980.0613264973958,0.9765311111296531,60.19096573649747,2
1997-02-28,32.239397,77.510172,0,-17.216007614135748,-26.92055231730143,0.2581208943297497,0.25483593344688416,3764.2911275227866,569.582373046875,0.33843902619427174,42.666261027565426,2
1997-03-28,34.095994,74.035038,1,0.4006693522136402,-0.2675549825031567,58.3334207533994,41.2415862083435,238.101323445638,782.3187369791667,0.7721705719588627,95.27216717027007,3
1998-02-25,33.430363,75.214877,1,-3.0962471008300554,-4.767428461710608,16.6820764540602,16.674384474754298,579.7970692316691,755.5621207682292,0.5082946083290564,88.23095752216408,2
1998-03-11,30.111834,80.476371,0,-13.149094009399391,-17.644852701822884,16.031796864467598,15.7873332500457,667.7669684092203,577.7004085286459,0.4592108575261445,68.95900207749636,3
1999-01-02,28.509066,84.961227,1,-15.264960352579749,-29.833151880900004,0.0004351138045421976,0.0,6679.721434911092,584.7785872395833,1.2262767828187924,27.6648851422756,1
1999-02-15,32.768179,80.091433,0,-13.130963389078772,-23.33825276692707,0.0,0.0,39.1066074371337,551.3130598958334,0.8274863328975149,42.07901833048298,2
1999-04-04,27.376775,88.763713,0,3.3333647410075287,-3.1927964528401276,0.9575784197295434,0.23110583424568176,0.214536984761556,640.680791015625,0.5249202287267561,62.307908485208415,4
1999-11-09,30.482549,74.792154,0,20.41929715474447,6.193750635782919,0.0017281585087403073,0.0,0.0,988.7867740885416,1.7705106664857166,39.53372850363571,11
1999-11-16,33.914416,76.229115,0,-18.62403462727866,-35.33495941162107,0.0034344666346441954,0.0,55.8120807011922,590.1818310546874,0.5282878669390393,21.530477570860253,11
1999-12-07,31.526316,82.470346,0,-12.302487436930335,-23.816399002075173,0.14690049260934757,0.1430325210094452,0.13860066731770834,555.99248046875,2.560598121700881,37.71757204368922,12
2000-01-22,26.670475,73.971559,0,18.798164621988917,10.560428237915062,0.007140636341773643,0.0,0.0,976.9589485677084,0.8375763033173015,58.77740975895179,1
2000-04-04,30.350392,83.480618,0,-10.580558522542276,-16.826803588867165,0.06756186473921844,0.0645667314529419,11.884490648905398,557.275615234375,0.864347057281381,60.12069755846926,4
2000-04-15,28.064493,85.219222,0,8.60817680358889,3.456966654459677,3.1712852042460002,0.04332885146141052,0.016689300537109375,728.1914241536458,0.10488718678744927,70.0667346011814,4
2001-01-14,27.381229,74.772153,0,13.277627563476585,1.2936194101969818,0.002139806724699156,0.0,0.0,972.1662141927085,1.792895567744363,44.05701734815706,1
2001-11-12,27.912404,86.683499,0,-6.2032207489013445,-20.656952921549447,0.0017183870504311471,0.0002123415470123291,5059.624751408895,550.1244368489585,0.4561683296794296,30.86533897544255,11
2002-03-05,31.811375,78.656008,1,-26.236498260498024,-34.0185696919759,0.0008612871056357108,0.0,183.8132937749227,581.2762483723959,0.8599492343744403,47.92151904098605,3
2003-01-03,34.100178,81.081707,0,-18.573444747924782,-31.00023562113438,0.3458203831314677,0.3425478935241699,2.2348960240681,511.5026627604166,1.5047344317155364,32.680246311697495,1
2003-03-29,32.729617,76.674216,0,-9.204125467936194,-12.329112752278604,15.7535028088773,15.7289616763591,561.5409215291342,618.2364453125,0.6383749935414773,78.02600047473413,3
2004-12-19,33.349891,77.67342,0,-14.274289830525674,-24.271832529703744,2.9445946215673,2.9368847608566,2.260684967041,540.0471484375,2.152134955879124,42.4982615511287,12
2005-02-18,33.793152,74.346548,1,-6.6711321512858035,-8.110117975870764,35.3618470908259,34.4700552523136,369.5726792017619,705.9014664713542,0.49212640275910535,89.49360307281601,2
2005-03-11,28.718525,82.580582,0,-1.8925289154052507,-4.626844151814737,6.7609488963285,2.0770542323589,16.3784424463907,670.0604345703125,0.14520930787890818,81.56873391372744,3
2005-03-11,29.07739,82.44277,0,-3.4432287851969363,-5.432345453898108,4.488328099171199,4.239868372678701,224.8997290929158,665.3258512369792,0.21849640465468448,86.09947298658363,3
2006-02-01,31.229221,78.204721,0,-10.237469100952126,-14.630253855387366,1.5377755264012,1.5178620815277,264.6203835805257,611.6261165364584,1.1033126127538389,70.19657989022919,2
2007-03-01,29.288874,72.147619,0,16.85894673665365,11.963932927449548,0.0431120395205653,0.0,0.0,996.5888883463542,0.2471762146039714,72.87822565048842,3
2007-03-19,32.578084,77.033034,0,-7.358664576212561,-10.061165873209632,24.39446747303,24.3564583361148,704.4852574666342,613.631123046875,0.6636050989123647,80.99122408727175,3
2007-04-23,30.822323,79.966271,0,-7.892809931437171,-11.91242891947428,0.319811701672279,0.23489445447921756,222.5391070048014,558.2550260416666,1.074832748857003,72.84684384852017,4
2007-11-15,28.215008,85.526744,1,-8.821196619669593,-17.570516331990547,0.001430511474609375,0.0005550682544708252,4.7392050425211005,559.1357633463541,0.531574143746153,49.179425612815656,11
2008-02-28,31.962323,77.115693,0,3.552306747436546,-5.959199015299475,0.0008378362394978467,0.0,434.6611897150675,776.1705940755207,1.2159753880978617,49.811928615901344,2
2008-12-11,31.804213,86.404404,0,-7.00819307963053,-32.56270764668781,0.0004375333446660079,0.0,0.0019073486328125,569.4354541015625,5.234501073208372,11.04240457516259,12
2009-02-14,27.008336,78.908162,0,19.69328079223635,12.757724380493244,0.0017120052007157938,0.0,0.0,994.5689957682292,1.12177333864477,64.27142080242628,2
2009-03-16,31.044441,83.345073,0,-11.80544764200846,-23.774490102132148,0.3465592860152356,0.34429505467414856,0.663598378499349,524.8434505208334,1.1623240542431006,36.377694744511636,3
2009-11-13,27.57804,81.5292,0,23.286733245849632,18.278277969360374,1.7550736665725,0.0,0.0,998.7778336588542,1.2668051356200558,73.47195929619912,11
2009-11-14,32.738483,77.551319,0,-10.493019485473553,-12.081248982747354,20.9643870591094,20.958404988050397,40.12397925059,543.234716796875,1.386262281398835,88.10240434719601,11
2010-02-16,28.05534,73.34564,0,17.205930328369163,0.8932116190592865,0.0004410743663640915,0.0,0.0,989.319111328125,2.8834360159968933,33.263024543938506,2
2011-04-25,28.237596,85.498829,0,-0.11647898356119413,-7.658482615152991,0.4104763269374701,0.02306699752807617,19.4178024927775,633.9255712890625,0.6996838331893589,56.83577465816242,4
2011-12-01,33.428168,81.630335,0,-6.406304423014319,-26.519537353515574,0.000870227722771233,0.0,0.04041194915771485,537.1740755208334,1.1423830938045374,18.608283632857596,12
2012-11-03,27.57753,86.305302,0,7.03710772196456,2.4902918497721203,0.2264708279540173,0.0,0.0,715.6114078776042,0.1136464402830206,72.81840116408912,11
2012-11-14,28.718882,83.582068,0,-9.284462992350257,-16.05481821695963,0.3168731927871704,0.267665833234787,2097.391406695048,567.4269124348959,0.4115943592852435,57.892257630665924,11
2012-12-26,32.737892,85.695039,0,-16.10097414652506,-31.900220616658544,0.0008642672355563263,0.0,2.040942509969,542.2149365234375,2.9625588649943757,24.355305345976237,12
2013-03-15,32.759515,76.19334,0,2.1734532674153684,-4.426441574096657,1.8269905596639,0.16732141375541687,588.7957413991293,781.8119156901042,0.9303049700102163,61.682184821764544,3
2013-11-10,26.297263,89.025496,0,21.13857231140139,15.686491902669275,0.0008709540679774364,0.0,0.0,1007.2204117838542,1.4140930131589493,71.05693541514742,11
2014-02-20,28.706789,89.868064,0,-6.11034240722654,-14.433060073852516,0.0642985104377658,0.059295445680618286,1.0949373245239,569.2979150390624,1.9431993229071387,51.77783226131525,2
2014-04-17,29.504795,82.936449,0,-10.509358469645179,-12.532338841756143,1.7836123703887,1.7795488238334,185.1532459259033,567.0194270833333,1.7001671668037934,85.07207693637268,4
2015-01-13,33.732506,82.359242,0,-17.12932434082029,-29.577249908447214,0.05693765177738897,0.05190074443817139,4.702329635620099,512.5781722005208,3.1607262559335556,33.097262670094146,1
2015-02-11,31.589081,78.055409,0,-15.803883616129554,-33.455542627970345,0.0012895628742626286,7.450580596923828e-06,212.0784918467203,662.1011442057293,1.2642407797918422,20.440449409163243,2
2015-04-17,34.442749,89.050237,0,-7.9771560668945085,-12.406300608317054,2.8289139269759,2.7473159134386997,4.4941902160644,554.0867301432291,2.912046330138939,70.4715382684293,4
2015-04-25,28.237596,85.498829,1,-1.7102060953776004,-3.800415420532204,3.9225846528552,1.9601546227931002,388.0252838134765,633.9816569010416,0.2067721838871595,85.63476182645638,4
2016-01-30,34.26079,74.655273,0,1.1160783131917356,-3.1638397216796648,12.7839475869677,7.805075496435101,117.2149578730265,798.1656917317708,0.18093452000268714,73.12270563180302,1
2016-02-03,29.152049,89.753003,0,-3.303611501057901,-19.414856338500925,0.005221366848218168,0.0020638108253479004,0.4807313283284505,585.4510416666666,1.3543114052731207,27.60136936844057,2
2016-03-24,32.482434,78.654778,0,-12.754767481485999,-18.504025522867806,0.7872761939324846,0.7829926908016205,69.54248746236159,565.0266259765625,0.5014518045372448,62.10866120920726,3
2016-11-11,30.148926,77.100277,0,19.481928761800134,12.654850896199548,0.0008655407555124839,0.0,0.0,981.7475048828123,1.7746193651179636,64.68334070662351,11
2016-12-27,33.127732,89.784018,0,-13.303754552205362,-31.085045242309548,0.010943412689812249,0.009663403034210203,0.22915999094645179,552.3947281901042,5.071498568405632,20.925174035975832,12
2017-03-11,30.098666,80.800212,1,-9.912512842814124,-12.077108128865518,6.5214440180625,6.4051002264022,209.9137703577677,632.217529296875,0.6022345579159801,84.18058700810157,3
2017-03-11,29.07739,82.44277,1,-5.798173650105753,-7.503459040323889,4.5329883648719,4.404492676258,61.3228877385457,660.0579459635417,0.37731066131819446,87.74601645590901,3
2017-03-11,28.840926,83.059938,1,-12.159094874064124,-13.764526748657204,4.5088782860602,4.5045800507068,58.346470197041796,593.3366959635416,0.825252918580886,87.81716875253201,3
2017-04-23,26.639067,88.685529,0,23.6915273030599,20.578267669677757,1.6839891672084,0.0,0.0,977.0365543619793,0.48547969981944294,82.72415678210768,4
2017-12-13,33.437922,86.727958,0,-12.872534815470374,-29.24141667683918,0.0138705224799196,0.010453164577484133,1.1012156804402,531.3332958984375,5.015304415313277,24.053823525509646,12
2018-01-02,33.220894,86.696665,0,-18.747269058227488,-31.90112215677894,0.3603577612807385,0.3586187958717346,1.2247959772744998,535.0855305989585,3.1245400836927653,30.42800328033407,1
2018-01-05,34.409163,74.098664,1,-5.0513926188151,-7.888238016764319,2.3869830465628,2.379797399044,74.2108027140299,769.8169368489583,0.5336440204072598,80.48179662110184,1
2018-03-15,32.169843,77.610491,0,-19.295859400431283,-21.702557627359965,3.4646887079361,3.4576244652271,9999.0,523.0373111979167,0.6651341488461907,81.20674863538297,3
2018-11-15,28.237891,85.536642,1,-10.717054112752237,-15.378597640991188,0.3718367096894326,0.3595799207687378,6.120483080546,556.36396484375,0.43180786921851544,68.55504622589386,11
2019-01-10,32.694317,88.707254,0,-19.465889358520485,-33.86219253540037,0.0036936030483047935,0.002391636371612549,3.0246973037719,543.849568684896,2.454513748727597,26.750331845680236,1
2019-01-12,34.015008,80.719269,0,-17.649416351318337,-27.772659047444648,0.3236532211303711,0.3210976719856262,2.7278264363606,547.2354345703125,1.8001307445555585,40.912157233012515,1
2019-02-15,28.591301,84.14375,1,-8.792457326253157,-11.560636901855446,8.708137273686098,8.694514632225,382.1799755096435,612.3761344401041,0.0653900848397225,80.35768984473938,2
2019-03-05,31.811375,78.656008,0,-24.699405415852823,-27.878240331013984,0.016167759895324707,0.01347064971923828,234.5547278722127,574.6871728515625,0.6455311288208165,74.83748286293664,3
2019-03-15,28.1103,86.801724,0,-16.58582979838053,-25.521311823526986,0.17487603764720916,0.17097964882850647,91.3457870483398,521.4778434244793,2.0263952351660746,45.976112432124275,3
2019-04-15,28.217826,85.517401,1,-6.805864715576149,-10.257379913330055,0.029861927032470703,0.011067837476730348,310.124119122823,560.0916878255208,0.7027933540877472,76.42515331875721,4
2019-11-15,28.151879,85.875762,0,-4.697276814778604,-10.889736557006756,0.10579824447631836,0.10187923908233644,2418.7790950139365,574.5293277994792,0.35014790792268663,61.91541127115316,11
2019-11-18,28.821586,74.273742,0,19.23214683532717,14.387503560384118,0.0,0.0,0.0,992.2898974609376,3.2140268989353697,73.53784121311276,11
2020-01-14,34.397451,73.860665,1,-6.673071289062477,-12.82356236775712,0.1377016305923462,0.1370757818222046,300.37355422973627,748.3174853515625,0.7804514523833375,61.62113522185479,1
2020-01-17,28.591216,84.208337,1,-8.81306432088212,-9.685114288330055,45.9618331050819,45.2289395034313,348.0900526046753,621.0556884765625,0.7823889644672547,93.39400068077205,1
2020-03-04,26.624622,73.805762,0,23.80490646362307,4.4347638448079465,0.0,0.0,0.0,973.1679947916668,2.312133032311666,28.465895499701045,3
2020-11-17,34.397451,73.860665,1,-5.5686865488687545,-13.999302291870094,0.0038724235196241352,0.0,82.9631884892781,751.09447265625,1.0097341011406415,51.48082971871799,11
2020-11-22,34.411691,85.610656,0,-17.593826039632148,-33.76932627360026,0.13586878776550293,0.13168156147003174,3.2821098963419,517.8210660807291,4.233358937720461,23.023994740319417,11
2021-01-09,28.465885,84.110242,1,-4.758531316121378,-14.66071993509928,0.2432499708220348,0.04676356911659241,5664.579073588054,593.0926090494792,0.7520156585270471,45.86558599080243,1
2021-01-15,28.237596,85.498829,1,0.04153849283858335,-8.993877792358376,0.0006258487701416016,0.0006258487701416016,0.3478527069091797,631.622029622396,0.37356768529582723,50.646411663326816,1
2021-04-23,30.822323,79.966271,1,-12.27960370381669,-15.149249776204385,10.3136290375118,10.2584175765514,149.2352883021036,552.7599918619792,2.0550954139099087,79.15615451059801,4
2021-11-14,28.718882,83.582068,1,-2.34669405619303,-8.596099599202432,0.11192560185691036,0.04400312900543213,2094.470739364624,569.6856477864584,0.600116002691182,62.2259686078508,11
2021-11-27,29.78761,77.678172,0,16.57328122456869,11.678803380330407,0.0008553266184208042,0.0,0.0,985.3362858072916,1.2520546089076718,72.82956264020348,11
2022-03-15,28.718882,83.582068,1,-6.444926961262979,-13.683248265584268,0.03728270530700684,0.0,2285.251498222351,570.1344108072917,0.4256611641515997,56.47437099314138,3
2023-01-30,34.05491,74.392715,1,-2.4969219207763445,-4.428320312499977,30.4094999500534,16.688607633113797,167.43683815002439,779.2726090494792,0.7321627816329204,86.5763754227015,1
2023-04-04,27.376775,88.763713,1,-0.0727657318115007,-1.021747970581032,10.2045387029647,1.1302232742309,9.0972185134887,635.0992822265625,0.6853260471896657,93.32049723216534,4
2024-02-22,34.03179,74.359307,1,-4.299385452270485,-10.277884546915686,0.02579689015647091,0.02392381429672241,136.8964910507202,777.7593782552083,0.5063202504818334,63.074671006598614,2
2024-11-09,31.519155,75.454464,0,23.18774566650393,17.828050231933616,0.00046193599700927734,0.0,0.0,985.1991731770831,0.8077086731631343,71.85089505771084,11
2024-11-11,31.665492,80.26945,0,-3.5060593922932526,-16.856083933512366,0.0020951032588811813,0.001214444637298584,0.00035762786865234375,578.0402311197918,2.6276819679040764,34.80167418497748,11
